[{"DocumentTypeId":"NoGroup.NoCategory.PO8","Keywords":[{"Values":["court","reporter’s","transcript","invoice","claim","form"],"NumberOfTimesConfirmed":1,"LastUpdated":"2021-10-04T20:14:52.6893357+05:30"},{"Values":["po8"],"NumberOfTimesConfirmed":1,"LastUpdated":"2021-10-04T20:14:52.6893357+05:30"},{"Values":["court","reporter"],"NumberOfTimesConfirmed":1,"LastUpdated":"2021-10-04T20:14:52.6893357+05:30"}]},{"DocumentTypeId":"NoGroup.NoCategory.SPParking","Keywords":[{"Values":["sp plus"],"NumberOfTimesConfirmed":1,"LastUpdated":"2021-10-04T20:14:52.6893357+05:30"},{"Values":["market/san","pedro","garage"],"NumberOfTimesConfirmed":1,"LastUpdated":"2021-10-04T20:14:52.6893357+05:30"},{"Values":["https://parkcentral.parking.com/"],"NumberOfTimesConfirmed":1,"LastUpdated":"2021-10-04T20:14:52.6893357+05:30"}]}]
