﻿{
  "DataContractVersion": "1.1",
  "DocumentTypes": [
    {
      "DocumentTypeId": "NoGroup.NoCategory.SPParking",
      "Group": "SANTA CLARA SUPERIOR COURT ",
      "Category": "AP_MIR7",
      "Name": "SP Parking",
      "OptionalUniqueIdentifier": "AP_SPP_01",
      "TypeField": {
        "FieldId": "NoGroup.NoCategory.SPParking.DocumentType",
        "FieldName": "Document Type"
      },
      "Fields": [
        {
          "FieldId": "NoGroup.NoCategory.SPParking.InvoiceDate",
          "FieldName": "Invoice Date",
          "IsMultiValue": false,
          "Type": "Date",
          "DeriveFieldsFormat": "month, day, year",
          "Components": [],
          "SetValues": [],
          "Metadata": [
            {
              "Key": "Color",
              "Value": "#038a18"
            },
            {
              "Key": "Hotkey",
              "Value": "v"
            }
          ]
        },
        {
          "FieldId": "NoGroup.NoCategory.SPParking.Account",
          "FieldName": "Account Number",
          "IsMultiValue": false,
          "Type": "Number",
          "DeriveFieldsFormat": "",
          "Components": [],
          "SetValues": [],
          "Metadata": [
            {
              "Key": "Color",
              "Value": "#fa6616"
            },
            {
              "Key": "Hotkey",
              "Value": "a"
            }
          ]
        },
        {
          "FieldId": "NoGroup.NoCategory.SPParking.InvoiceReference",
          "FieldName": "Invoice Reference",
          "IsMultiValue": false,
          "Type": "Text",
          "DeriveFieldsFormat": "",
          "Components": [],
          "SetValues": [],
          "Metadata": [
            {
              "Key": "Color",
              "Value": "#8a97a0"
            },
            {
              "Key": "Hotkey",
              "Value": "c"
            }
          ]
        },
        {
          "FieldId": "NoGroup.NoCategory.SPParking.Amount",
          "FieldName": "Total Amount",
          "IsMultiValue": false,
          "Type": "Number",
          "DeriveFieldsFormat": "",
          "Components": [],
          "SetValues": [],
          "Metadata": [
            {
              "Key": "Color",
              "Value": "#6eb84a"
            },
            {
              "Key": "Hotkey",
              "Value": "m"
            }
          ]
        }
      ]
    },
    {
      "DocumentTypeId": "NoGroup.NoCategory.PO8",
      "Group": "SANTA CLARA SUPERIOR COURT ",
      "Category": "AP_FV60",
      "Name": "PO8",
      "OptionalUniqueIdentifier": "",
      "TypeField": {
        "FieldId": "NoGroup.NoCategory.PO8.DocumentType",
        "FieldName": "Document Type"
      },
      "Fields": [
        {
          "FieldId": "NoGroup.NoCategory.PO8.InvoiceDate",
          "FieldName": "Invoice Date",
          "IsMultiValue": false,
          "Type": "Date",
          "DeriveFieldsFormat": "",
          "Components": [],
          "SetValues": [],
          "Metadata": [
            {
              "Key": "Color",
              "Value": "#038a18"
            },
            {
              "Key": "Hotkey",
              "Value": "v"
            }
          ]
        },
        {
          "FieldId": "NoGroup.NoCategory.PO8.Vendor",
          "FieldName": "Vendor",
          "IsMultiValue": false,
          "Type": "Text",
          "DeriveFieldsFormat": "",
          "Components": [],
          "SetValues": [],
          "Metadata": [
            {
              "Key": "Color",
              "Value": "#fa6616"
            },
            {
              "Key": "Hotkey",
              "Value": "e"
            }
          ]
        },
        {
          "FieldId": "NoGroup.NoCategory.PO8.TotalAmount",
          "FieldName": "Total Amount",
          "IsMultiValue": false,
          "Type": "Text",
          "DeriveFieldsFormat": "",
          "Components": [],
          "SetValues": [],
          "Metadata": [
            {
              "Key": "Color",
              "Value": "#8a97a0"
            },
            {
              "Key": "Hotkey",
              "Value": "a"
            }
          ]
        },
        {
          "FieldId": "NoGroup.NoCategory.PO8.Criminal",
          "FieldName": "Criminal",
          "IsMultiValue": false,
          "Type": "Boolean",
          "DeriveFieldsFormat": "",
          "Components": [],
          "SetValues": [],
          "Metadata": [
            {
              "Key": "Color",
              "Value": "#00c6d6"
            },
            {
              "Key": "Hotkey",
              "Value": "r"
            }
          ]
        },
        {
          "FieldId": "NoGroup.NoCategory.PO8.Civil-Appeal",
          "FieldName": "Civil-Appeal",
          "IsMultiValue": false,
          "Type": "Boolean",
          "DeriveFieldsFormat": "",
          "Components": [],
          "SetValues": [],
          "Metadata": [
            {
              "Key": "Color",
              "Value": "#95c877"
            },
            {
              "Key": "Hotkey",
              "Value": "h"
            }
          ]
        },
        {
          "FieldId": "NoGroup.NoCategory.PO8.Civil-Appellant",
          "FieldName": "Civil-Appellant",
          "IsMultiValue": false,
          "Type": "Boolean",
          "DeriveFieldsFormat": "",
          "Components": [],
          "SetValues": [],
          "Metadata": [
            {
              "Key": "Color",
              "Value": "#a383e0"
            },
            {
              "Key": "Hotkey",
              "Value": "j"
            }
          ]
        },
        {
          "FieldId": "NoGroup.NoCategory.PO8.Civil-Respondent",
          "FieldName": "Civil-Respondent",
          "IsMultiValue": false,
          "Type": "Boolean",
          "DeriveFieldsFormat": "",
          "Components": [],
          "SetValues": [],
          "Metadata": [
            {
              "Key": "Color",
              "Value": "#42aeca"
            },
            {
              "Key": "Hotkey",
              "Value": "k"
            }
          ]
        },
        {
          "FieldId": "NoGroup.NoCategory.PO8.Assignment",
          "FieldName": "Assignment1",
          "IsMultiValue": false,
          "Type": "Table",
          "DeriveFieldsFormat": "",
          "Components": [
            {
              "FieldId": "NoGroup.NoCategory.PO8.Assignment.Check",
              "FieldName": "Check",
              "IsMultiValue": false,
              "Type": "Boolean",
              "DeriveFieldsFormat": "",
              "Components": [],
              "SetValues": [],
              "Metadata": []
            },
            {
              "FieldId": "NoGroup.NoCategory.PO8.Assignment.TranscriptType",
              "FieldName": "Transcript Type",
              "IsMultiValue": false,
              "Type": "Name",
              "DeriveFieldsFormat": "",
              "Components": [],
              "SetValues": [],
              "Metadata": []
            },
            {
              "FieldId": "NoGroup.NoCategory.PO8.Assignment.Asgmt",
              "FieldName": "Asgmt",
              "IsMultiValue": false,
              "Type": "Number",
              "DeriveFieldsFormat": "",
              "Components": [],
              "SetValues": [],
              "Metadata": []
            }
          ],
          "SetValues": [],
          "Metadata": [
            {
              "Key": "Color",
              "Value": "#8caee6"
            },
            {
              "Key": "Hotkey",
              "Value": "y"
            }
          ]
        },
        {
          "FieldId": "NoGroup.NoCategory.PO8.Assignment2",
          "FieldName": "Assignment2",
          "IsMultiValue": false,
          "Type": "Table",
          "DeriveFieldsFormat": "",
          "Components": [
            {
              "FieldId": "NoGroup.NoCategory.PO8.Assignment2.Check",
              "FieldName": "Check",
              "IsMultiValue": false,
              "Type": "Boolean",
              "DeriveFieldsFormat": "",
              "Components": [],
              "SetValues": [],
              "Metadata": []
            },
            {
              "FieldId": "NoGroup.NoCategory.PO8.Assignment2.TranscriptType",
              "FieldName": "Transcript Type",
              "IsMultiValue": false,
              "Type": "Text",
              "DeriveFieldsFormat": "",
              "Components": [],
              "SetValues": [],
              "Metadata": []
            },
            {
              "FieldId": "NoGroup.NoCategory.PO8.Assignment2.Asgmt",
              "FieldName": "Asgmt",
              "IsMultiValue": false,
              "Type": "Number",
              "DeriveFieldsFormat": "",
              "Components": [],
              "SetValues": [],
              "Metadata": []
            }
          ],
          "SetValues": [],
          "Metadata": [
            {
              "Key": "Color",
              "Value": "#b37710"
            },
            {
              "Key": "Hotkey",
              "Value": "2"
            }
          ]
        },
        {
          "FieldId": "NoGroup.NoCategory.PO8.CaseNumber",
          "FieldName": "Case Number",
          "IsMultiValue": false,
          "Type": "Text",
          "DeriveFieldsFormat": "",
          "Components": [],
          "SetValues": [],
          "Metadata": [
            {
              "Key": "Color",
              "Value": "#c8c26d"
            },
            {
              "Key": "Hotkey",
              "Value": "m"
            }
          ]
        },
        {
          "FieldId": "NoGroup.NoCategory.PO8.CaseDetails",
          "FieldName": "Case Details",
          "IsMultiValue": false,
          "Type": "Table",
          "DeriveFieldsFormat": "",
          "Components": [
            {
              "FieldId": "NoGroup.NoCategory.PO8.CaseDetails.CaseNum_Name_Date",
              "FieldName": "Case Num_Name_Date",
              "IsMultiValue": false,
              "Type": "Text",
              "DeriveFieldsFormat": "",
              "Components": [],
              "SetValues": [],
              "Metadata": []
            },
            {
              "FieldId": "NoGroup.NoCategory.PO8.CaseDetails.DateofHolding",
              "FieldName": "Date of Holding",
              "IsMultiValue": false,
              "Type": "Date",
              "DeriveFieldsFormat": "",
              "Components": [],
              "SetValues": [],
              "Metadata": []
            },
            {
              "FieldId": "NoGroup.NoCategory.PO8.CaseDetails.Orig+Copies",
              "FieldName": "Orig+Copies",
              "IsMultiValue": false,
              "Type": "Text",
              "DeriveFieldsFormat": "",
              "Components": [],
              "SetValues": [],
              "Metadata": []
            },
            {
              "FieldId": "NoGroup.NoCategory.PO8.CaseDetails.NumberofPages",
              "FieldName": "Number of Pages",
              "IsMultiValue": false,
              "Type": "Number",
              "DeriveFieldsFormat": "",
              "Components": [],
              "SetValues": [],
              "Metadata": []
            },
            {
              "FieldId": "NoGroup.NoCategory.PO8.CaseDetails.FFPage",
              "FieldName": "FF/Page",
              "IsMultiValue": false,
              "Type": "Number",
              "DeriveFieldsFormat": "",
              "Components": [],
              "SetValues": [],
              "Metadata": []
            },
            {
              "FieldId": "NoGroup.NoCategory.PO8.CaseDetails.TotalFolios",
              "FieldName": "Total Folios",
              "IsMultiValue": false,
              "Type": "Number",
              "DeriveFieldsFormat": "",
              "Components": [],
              "SetValues": [],
              "Metadata": []
            },
            {
              "FieldId": "NoGroup.NoCategory.PO8.CaseDetails.FolioRate",
              "FieldName": "Folio Rate",
              "IsMultiValue": false,
              "Type": "Number",
              "DeriveFieldsFormat": "",
              "Components": [],
              "SetValues": [],
              "Metadata": []
            },
            {
              "FieldId": "NoGroup.NoCategory.PO8.CaseDetails.Amount",
              "FieldName": "Amount",
              "IsMultiValue": false,
              "Type": "Number",
              "DeriveFieldsFormat": "",
              "Components": [],
              "SetValues": [],
              "Metadata": []
            }
          ],
          "SetValues": [],
          "Metadata": [
            {
              "Key": "Color",
              "Value": "#7cadb8"
            },
            {
              "Key": "Hotkey",
              "Value": "l"
            }
          ]
        },
        {
          "FieldId": "NoGroup.NoCategory.PO8.GL",
          "FieldName": "GL",
          "IsMultiValue": true,
          "Type": "Number",
          "DeriveFieldsFormat": "",
          "Components": [],
          "SetValues": [],
          "Metadata": [
            {
              "Key": "Color",
              "Value": "#db72a7"
            },
            {
              "Key": "Hotkey",
              "Value": "g"
            }
          ]
        },
        {
          "FieldId": "NoGroup.NoCategory.PO8.CC",
          "FieldName": "CC",
          "IsMultiValue": false,
          "Type": "Number",
          "DeriveFieldsFormat": "",
          "Components": [],
          "SetValues": [],
          "Metadata": [
            {
              "Key": "Color",
              "Value": "#1ce2d1"
            },
            {
              "Key": "Hotkey",
              "Value": "q"
            }
          ]
        },
        {
          "FieldId": "NoGroup.NoCategory.PO8.FA",
          "FieldName": "FA",
          "IsMultiValue": false,
          "Type": "Number",
          "DeriveFieldsFormat": "",
          "Components": [],
          "SetValues": [],
          "Metadata": [
            {
              "Key": "Color",
              "Value": "#9cbcb9"
            },
            {
              "Key": "Hotkey",
              "Value": "w"
            }
          ]
        },
        {
          "FieldId": "NoGroup.NoCategory.PO8.FUND",
          "FieldName": "FUND",
          "IsMultiValue": true,
          "Type": "Number",
          "DeriveFieldsFormat": "",
          "Components": [],
          "SetValues": [],
          "Metadata": [
            {
              "Key": "Color",
              "Value": "#969cc4"
            },
            {
              "Key": "Hotkey",
              "Value": "z"
            }
          ]
        }
      ]
    }
  ],
  "Groups": [
    {
      "Name": "SANTA CLARA SUPERIOR COURT ",
      "Categories": [
        "AP_FV60",
        "AP_MIR7"
      ]
    }
  ],
  "SupportedLanguages": [
    {
      "Name": "Undetermined Language",
      "Code": "und"
    },
    {
      "Name": "Bulgarian",
      "Code": "bul"
    },
    {
      "Name": "Cantonese",
      "Code": "yue"
    },
    {
      "Name": "Danish",
      "Code": "dan"
    },
    {
      "Name": "Dutch",
      "Code": "nld"
    },
    {
      "Name": "English",
      "Code": "eng"
    },
    {
      "Name": "French",
      "Code": "fra"
    },
    {
      "Name": "Georgian",
      "Code": "kat"
    },
    {
      "Name": "German",
      "Code": "deu"
    },
    {
      "Name": "Greek",
      "Code": "ell"
    },
    {
      "Name": "Hebrew",
      "Code": "heb"
    },
    {
      "Name": "Hindi",
      "Code": "hin"
    },
    {
      "Name": "Italian",
      "Code": "ita"
    },
    {
      "Name": "Japanese",
      "Code": "jpn"
    },
    {
      "Name": "Korean",
      "Code": "kor"
    },
    {
      "Name": "Macedonian",
      "Code": "mkd"
    },
    {
      "Name": "Mandarin",
      "Code": "zho"
    },
    {
      "Name": "Marathi",
      "Code": "mar"
    },
    {
      "Name": "Norwegian",
      "Code": "nor"
    },
    {
      "Name": "Polish",
      "Code": "pol"
    },
    {
      "Name": "Portuguese",
      "Code": "por"
    },
    {
      "Name": "Romanian",
      "Code": "ron"
    },
    {
      "Name": "Russian",
      "Code": "rus"
    },
    {
      "Name": "Serbian",
      "Code": "srp"
    },
    {
      "Name": "Spanish",
      "Code": "spa"
    },
    {
      "Name": "Swedish",
      "Code": "swe"
    },
    {
      "Name": "Telugu",
      "Code": "tel"
    }
  ]
}